{"cameraMode":{"drawMode":0,"name":"Shaded","section":"Shading Mode"},"sceneLighting":true,"audioPlay":false,"sceneViewState":{"m_AlwaysRefresh":false,"showFog":true,"showSkybox":true,"showFlares":true,"showImageEffects":true,"showParticleSystems":true,"showVisualEffectGraphs":true,"m_FxEnabled":true},"in2DMode":false,"pivot":{"x":0.13176998496055604,"y":13.208297729492188,"z":1.1585389375686646},"rotation":{"x":0.6664474606513977,"y":0.02666565589606762,"z":-0.02386961318552494,"w":0.744702935218811},"size":12.30616283416748,"orthographic":true}